m_min,num_tiers,bucket,advantage,accuracy,prior,class_tier_mi,mean_participation,release_rate,n_query,advantage_l2,advantage_l3,honest_set,honest_class,collusion_rate
1,5,uniform/40,0.6374764595103578,0.7124719940253921,0.20687079910380882,0.4218790151220816,332.225,1.0,1339,0.7384324834749765,0.9962228517469309,59.78696741854637,6.544581848669042,0.1
1,5,single,0.6440677966101696,0.7176997759522031,0.20687079910380882,0.4218790151220816,332.225,1.0,1339,0.7280453257790368,0.9952785646836637,59.78696741854637,6.544581848669042,0.1
40,5,uniform/40,0.6112167300380228,0.6936329588014981,0.21198501872659176,0.4201262373419062,323.825,0.9396984924623115,1335,0.7365439093484418,0.9933899905571294,62.13368983957219,7.124021000086066,0.1
40,5,single,0.6131178707224334,0.6951310861423221,0.21198501872659176,0.4201262373419062,323.825,0.9396984924623115,1335,0.7337110481586402,0.9924457034938622,62.13368983957219,7.124021000086066,0.1
55,5,uniform/40,0.569364161849711,0.6611068991660348,0.21304018195602728,0.42253820317263124,295.6,0.8316582914572864,1319,0.71939736346516,0.9783427495291902,64.00302114803625,8.168845881519943,0.1
55,5,single,0.5529865125240848,0.6482183472327521,0.21304018195602728,0.42253820317263124,295.6,0.8316582914572864,1319,0.7080979284369114,0.9774011299435028,64.00302114803625,8.168845881519943,0.1
70,5,uniform/40,0.19137168141592917,0.37037037037037035,0.22136089577950044,0.42050275272267396,191.7,0.46733668341708545,1161,0.523719165085389,0.8747628083491461,73.79032258064517,16.963132969034607,0.1
70,5,single,0.19026548672566376,0.3695090439276486,0.22136089577950044,0.42050275272267396,191.7,0.46733668341708545,1161,0.5208728652751423,0.8453510436432637,73.79032258064517,16.963132969034607,0.1
77,5,uniform/40,0.1890660592255126,0.37707786526684167,0.23184601924759404,0.4140338636705466,182.3625,0.4050632911392405,1143,0.5185185185185185,0.8632478632478633,81.125,19.64406779661017,0.1
77,5,single,0.18792710706150342,0.3762029746281715,0.23184601924759404,0.4140338636705466,182.3625,0.4050632911392405,1143,0.49572649572649574,0.8252611585944919,81.125,19.64406779661017,0.1
82,5,uniform/40,0.18735891647855532,0.3717277486910995,0.2268760907504363,0.39933305189494184,194.9375,0.4274611398963731,1146,0.5066539923954373,0.903041825095057,84.48484848484848,18.802295552367287,0.1
82,5,single,0.18623024830699778,0.37085514834205935,0.2268760907504363,0.39933305189494184,194.9375,0.4274611398963731,1146,0.5114068441064639,0.8783269961977186,84.48484848484848,18.802295552367287,0.1
88,5,uniform/40,0.11702127659574471,0.32861476238624876,0.2396359959555106,0.3991260925351109,149.5,0.3233695652173913,989,0.4335863377609108,0.8074003795066413,89.75630252100841,27.15373092407078,0.1
88,5,single,0.10239361702127658,0.31749241658240646,0.2396359959555106,0.3991260925351109,149.5,0.3233695652173913,989,0.4335863377609108,0.7685009487666035,89.75630252100841,27.15373092407078,0.1
95,5,uniform/40,0.0,0.2616487455197133,0.27598566308243727,0.3933239294225117,128.3875,0.25064599483204136,837,0.3480769230769231,0.7259615384615385,94.75257731958763,33.61125013600261,0.1
95,5,single,0.0,0.25806451612903225,0.27598566308243727,0.3933239294225117,128.3875,0.25064599483204136,837,0.3384615384615385,0.6451923076923078,94.75257731958763,33.61125013600261,0.1
110,5,uniform/40,0.08557844690966719,0.3130952380952381,0.2488095238095238,0.37023746764264154,142.85,0.2493368700265252,840,0.3352657004830918,0.7420289855072464,108.82978723404256,32.12003910068426,0.1
110,5,single,0.0792393026941363,0.30833333333333335,0.2488095238095238,0.37023746764264154,142.85,0.2493368700265252,840,0.3120772946859903,0.5903381642512078,108.82978723404256,32.12003910068426,0.1
1,8,uniform/40,0.6151658767772512,0.6972408650260999,0.21327367636092467,0.4439615461694248,330.8875,1.0,1341,0.7145557655954631,0.9905482041587902,37.40944881889764,5.007072195327299,0.1
1,8,single,0.6037914691943128,0.6882923191648024,0.21327367636092467,0.4439615461694248,330.8875,1.0,1341,0.7069943289224953,0.9905482041587902,37.40944881889764,5.007072195327299,0.1
25,8,uniform/40,0.6161137440758294,0.697986577181208,0.21327367636092467,0.44242055693313354,321.3875,0.916403785488959,1341,0.732895970009372,0.9906279287722587,39.70051635111876,5.177143848088095,0.1
25,8,single,0.604739336492891,0.6890380313199105,0.21327367636092467,0.44242055693313354,321.3875,0.916403785488959,1341,0.7357075913776945,0.9906279287722587,39.70051635111876,5.177143848088095,0.1
35,8,uniform/40,0.523121387283237,0.624715693707354,0.21304018195602728,0.4441209785583424,280.75,0.7389240506329114,1319,0.6735653809971778,0.9717779868297272,43.04710920770878,6.495398696711933,0.1
35,8,single,0.5154142581888247,0.6186504927975739,0.21304018195602728,0.4441209785583424,280.75,0.7389240506329114,1319,0.6773283160865474,0.9717779868297272,43.04710920770878,6.495398696711933,0.1
45,8,uniform/40,0.35877106045589685,0.49453125,0.21171875,0.4377837076052517,233.3625,0.5425361155698234,1280,0.6458923512747875,0.9537299338999057,49.4792899408284,9.126763932073667,0.1
45,8,single,0.35877106045589685,0.49453125,0.21171875,0.4377837076052517,233.3625,0.5425361155698234,1280,0.6317280453257791,0.9537299338999057,49.4792899408284,9.126763932073667,0.1
48,8,uniform/40,0.32482124616956076,0.47456279809220986,0.2217806041335453,0.4370887918761426,205.6125,0.46526655896607433,1258,0.5935727788279773,0.9357277882797731,51.21180555555556,11.02698488033087,0.1
48,8,single,0.31052093973442285,0.46343402225755165,0.2217806041335453,0.4370887918761426,205.6125,0.46526655896607433,1258,0.5869565217391304,0.9357277882797731,51.21180555555556,11.02698488033087,0.1
52,8,uniform/40,0.30030333670374115,0.4494828957836118,0.21320604614160701,0.4357389572894413,207.725,0.4395424836601307,1257,0.6330188679245283,0.9330188679245283,55.36431226765799,11.24132142617337,0.1
52,8,single,0.29120323559150657,0.4423229912490056,0.21320604614160701,0.4357389572894413,207.725,0.4395424836601307,1257,0.619811320754717,0.930188679245283,55.36431226765799,11.24132142617337,0.1
58,8,uniform/40,0.16409036860879903,0.36666666666666664,0.24234234234234234,0.43341124704975187,162.35,0.3219761499148211,1110,0.5547169811320755,0.8481132075471699,61.423280423280424,16.564992678094583,0.1
58,8,single,0.1605231866825208,0.36396396396396397,0.24234234234234234,0.43341124704975187,162.35,0.3219761499148211,1110,0.5452830188679246,0.8349056603773585,61.423280423280424,16.564992678094583,0.1
65,8,uniform/40,0.1794582392776524,0.3650655021834061,0.2262008733624454,0.4280902961256099,175.5625,0.32698961937716264,1145,0.5608365019011406,0.879277566539924,66.67195767195767,16.27227997777954,0.1
65,8,single,0.17155756207674946,0.3589519650655022,0.2262008733624454,0.4280902961256099,175.5625,0.32698961937716264,1145,0.5503802281368821,0.8545627376425855,66.67195767195767,16.27227997777954,0.1
80,8,uniform/40,0.0,0.3285024154589372,0.3285024154589372,0.42531912639588043,33.3625,0.05311355311355311,207,0.0,0.03855721393034825,81.72413793103448,65.67510548523207,0.1
80,8,single,0.0,0.3285024154589372,0.3285024154589372,0.42531912639588043,33.3625,0.05311355311355311,207,0.0,0.033582089552238834,81.72413793103448,65.67510548523207,0.1
