config,round,val_accuracy,val_loss,virtual_time,wall_time,round_time,participation
fedavg,0,0.1371999979019165,2.281057596206665,4385.853657063988,1.3027931936085224,1664.1268349949548,348
fedavg,1,0.1876000016927719,2.2644102573394775,8771.707314127976,2.2032129438593984,3356.5162973453234,364
fedavg,2,0.19339999556541443,2.250236749649048,13157.560971191964,3.0259011518210173,4226.740394038971,328
fedavg,3,0.234499990940094,2.232893228530884,17543.414628255952,3.8687670454382896,5758.682070427183,333
fedavg,4,0.23469999432563782,2.21268630027771,21929.26828531994,4.701503622345626,6354.062682627445,332
fedavg,5,0.26319998502731323,2.18966007232666,26315.12194238393,5.613543012179434,7116.9570377140835,353
fedavg,6,0.25529998540878296,2.1716861724853516,30700.975599447916,6.487528650090098,11373.763036981043,349
fedavg,7,0.2766000032424927,2.1463143825531006,35086.829256511905,7.368121659383178,12016.461329481033,352
fedavg,8,0.27070000767707825,2.12522029876709,39472.68291357589,8.238399103283882,13991.744307246894,346
fedavg,9,0.2653000056743622,2.1014082431793213,43858.53657063987,9.0867118248716,15160.326864615838,338
fedavg,10,0.2915000021457672,2.079444646835327,48244.39022770386,10.027038632892072,18994.849980102044,371
fedavg,11,0.29260000586509705,2.0561442375183105,52630.24388476784,10.887031712569296,19554.583137442933,344
fedavg,12,0.29999998211860657,2.041240930557251,57016.09754183183,11.70205005723983,20235.549257099632,323
fedavg,13,0.31129997968673706,2.01818585395813,61401.95119889581,12.597379801794887,21367.753421003606,357
fedavg,14,0.3109000027179718,2.000006675720215,65787.8048559598,13.479702174663544,22991.178249194803,354
fedavg,15,0.31929999589920044,1.9836903810501099,70173.65851302378,14.378155449405313,23532.578486156326,359
fedavg,16,0.32249999046325684,1.9678566455841064,74559.51217008776,15.284406083635986,25067.628106443284,362
fedavg,17,0.31759998202323914,1.9540590047836304,78945.36582715175,16.173571821302176,25981.45008734011,353
fedavg,18,0.32659998536109924,1.9438749551773071,83331.21948421573,17.023976637981832,26943.52063551106,339
fedavg,19,0.3310999870300293,1.9322443008422852,87717.07314127972,17.914587353356183,30478.738207797305,357
fedavg,20,0.33069998025894165,1.9164472818374634,92102.9267983437,18.741778078489006,34516.40182762995,331
fedavg,21,0.33469998836517334,1.9051378965377808,96488.78045540769,19.663635907694697,35547.666430428224,369
fedavg,22,0.33570000529289246,1.8978241682052612,100874.63411247167,20.55998039059341,36148.63238834436,360
fedavg,23,0.35029998421669006,1.893284559249878,105260.48776953566,21.34885942656547,37548.57493029526,316
fedavg,24,0.34929999709129333,1.8765003681182861,109646.34142659964,22.19344525411725,38504.86339718566,339
fedavg,25,0.3393999934196472,1.8760443925857544,114032.19508366362,23.035311673767865,40087.989275091226,333
fedavg,26,0.357699990272522,1.862715244293213,118418.04874072761,23.971935869194567,42318.119798118416,369
fedavg,27,0.3504999876022339,1.8539488315582275,122803.9023977916,24.891055186279118,43298.90332386819,361
fedavg,28,0.3474999964237213,1.856734037399292,127189.75605485558,25.79633683990687,44182.41592646225,361
fedavg,29,0.3626999855041504,1.8469375371932983,131575.60971191956,26.7278278041631,44842.091071577095,371
fedavg,30,0.3637999892234802,1.8346511125564575,135961.46336898356,27.579046997241676,45956.659526281066,330
fedavg,31,0.3756999969482422,1.8236933946609497,140347.31702604756,28.41333033144474,47897.93950104195,330
fedavg,32,0.36739999055862427,1.8256962299346924,144733.17068311156,29.28323223348707,48728.57892312952,345
fedavg,33,0.3718999922275543,1.8108400106430054,149119.02434017556,30.195620744489133,49261.019292491015,354
fedavg,34,0.3709999918937683,1.8041043281555176,153504.87799723956,31.136321780271828,50952.10776508195,363
fedavg,35,0.3684999942779541,1.802269697189331,157890.73165430356,32.007909822277725,51859.32777918334,343
fedavg,36,0.3747999966144562,1.797096848487854,162276.58531136755,32.86503170989454,52530.380668794074,338
fedavg,37,0.37959998846054077,1.7842075824737549,166662.43896843155,33.742503366433084,53737.83345448076,346
fedavg,38,0.3772999942302704,1.7930021286010742,171048.29262549555,34.55672939866781,56641.0604018449,323
fedavg,39,0.3878999948501587,1.7722629308700562,175434.14628255955,35.51726335287094,58935.64366811814,364
fedavg,40,0.36309999227523804,1.7798739671707153,179819.99993962355,36.341875304467976,59659.087257864274,328
fedavg,41,0.38519999384880066,1.7629648447036743,184205.85359668755,37.19473207369447,60174.81780085173,340
fedavg,42,0.3971000015735626,1.7551017999649048,188591.70725375155,38.07238328270614,61561.50564188639,351
fedavg,43,0.37849998474121094,1.7548611164093018,192977.56091081555,38.93773870635778,62125.82742030656,341
fedavg,44,0.39569997787475586,1.7435904741287231,197363.41456787955,39.934160872362554,62871.55326803061,362
fedavg,45,0.39089998602867126,1.7375913858413696,201749.26822494355,40.803032964468,64143.35025667792,347
fedavg,46,0.397599995136261,1.7359060049057007,206135.12188200754,41.726770808920264,66122.3524108704,362
fedavg,47,0.41110000014305115,1.720672607421875,210520.97553907154,42.616357867605984,66905.63516862692,350
fedavg,48,0.4052000045776367,1.7243492603302002,214906.82919613554,43.527880538254976,67714.62296200104,363
fedavg,49,0.3992999792098999,1.7295691967010498,219292.68285319954,44.43679306469858,68427.17597657892,362
fedavg,50,0.40939998626708984,1.7047892808914185,223678.53651026354,45.2883319510147,69894.43716194271,335
fedavg,51,0.40789997577667236,1.6998933553695679,228064.39016732754,46.207467067055404,70766.72078925415,361
fedavg,52,0.40959998965263367,1.6953617334365845,232450.24382439154,47.09933774638921,72991.60933743602,352
fedavg,53,0.4193999767303467,1.68778657913208,236836.09748145554,48.04524081107229,73596.4015734476,353
fedavg,54,0.4140999913215637,1.686737060546875,241221.95113851954,48.972654967568815,74242.77399584069,372
fedavg,55,0.4145999848842621,1.6773595809936523,245607.80479558354,49.8272847533226,75033.32930600157,340
fedavg,56,0.4197999835014343,1.6757701635360718,249993.65845264753,50.72638436593115,76230.54605731957,359
fedavg,57,0.4098999798297882,1.6725095510482788,254379.51210971153,51.52187353372574,78155.4680530168,320
fedavg,58,0.4165000021457672,1.6695014238357544,258765.36576677553,52.41076218057424,78701.82796246946,358
fedavg,59,0.4253000020980835,1.6535158157348633,263151.21942383953,53.32664692401886,79203.1696123077,370
fedavg,60,0.4278999865055084,1.6508941650390625,267537.0730809035,54.217932717874646,80740.08375791053,355
fedavg,61,0.42809998989105225,1.6404833793640137,271922.9267379675,55.03702227026224,81746.21345199738,327
fedavg,62,0.4377000033855438,1.6396503448486328,276308.78039503144,55.94041059166193,82891.428374795,361
fedavg,63,0.43039998412132263,1.643872857093811,280694.6340520954,56.78868931066245,83900.63097433058,339
fedavg,64,0.43629997968673706,1.6312745809555054,285080.4877091594,57.68933973740786,84778.95108830271,362
fedavg,65,0.44119998812675476,1.6226853132247925,289466.34136622335,58.540279663167894,85589.1518674631,333
fedavg,66,0.4285999834537506,1.619692325592041,293852.1950232873,59.34236368071288,86606.28518668114,320
fedavg,67,0.436599999666214,1.6193010807037354,298238.0486803513,60.25268057733774,87576.2356800009,359
fedavg,68,0.4461999833583832,1.6032193899154663,302623.90233741526,61.20306819677353,89078.39144343216,385
fedavg,69,0.4306999742984772,1.6110012531280518,307009.75599447923,62.021222995594144,89731.74349974115,328
fedavg,70,0.4509999752044678,1.5978277921676636,311395.6096515432,62.90523940697312,90345.32190224122,349
fedavg,71,0.435699999332428,1.6046669483184814,315781.46330860717,63.76159517094493,90948.91191377478,344
fedavg,72,0.44099998474121094,1.5942689180374146,320167.31696567114,64.72532775811851,92654.46408913168,388
fedavg,73,0.4456000030040741,1.5829999446868896,324553.1706227351,65.63627846818417,95036.43998013096,357
fedavg,74,0.44209998846054077,1.5849424600601196,328939.0242797991,66.53545271232724,96212.78553636538,354
fedavg,75,0.44189998507499695,1.5927233695983887,333324.87793686305,67.50480952393264,98416.45538678828,350
fedavg,76,0.45080000162124634,1.5740888118743896,337710.731593927,68.48713402170688,99884.44423451128,359
fedavg,77,0.45239999890327454,1.5707433223724365,342096.585250991,69.48132972512394,104219.91924337311,364
fedavg,78,0.45009997487068176,1.569213628768921,346482.43890805496,70.48857717495412,104967.48241088014,368
fedavg,79,0.45729997754096985,1.5694913864135742,350868.2925651189,71.5228780535981,105638.24723984818,356
fedavg,80,0.4558999836444855,1.56605863571167,355254.1462221829,72.52187231462449,107637.29562650187,363
fedavg,81,0.4494999945163727,1.5642011165618896,359639.99987924687,73.48613861761987,108968.69518074446,328
fedavg,82,0.4562999904155731,1.554221749305725,364025.85353631084,74.40495274402201,111200.32603554506,335
fedavg,83,0.4578000009059906,1.5475877523422241,368411.7071933748,75.26056457869709,113430.62619289522,312
fedavg,84,0.45719999074935913,1.5467568635940552,372797.5608504388,76.24269260279834,114619.33085415546,354
fedavg,85,0.45729997754096985,1.5476778745651245,377183.41450750275,77.30363969318569,115438.11065739318,389
fedavg,86,0.44749999046325684,1.5531896352767944,381569.2681645667,78.28309625387192,116230.02611768928,357
fedavg,87,0.4608999788761139,1.536734700202942,385955.1218216307,79.24952283874154,117109.7539576317,350
fedavg,88,0.4643999934196472,1.5378522872924805,390340.97547869466,80.23161368630826,118423.48218965018,354
fedavg,89,0.4673999845981598,1.531032681465149,394726.8291357586,81.14211709052324,119647.53485823954,330
fedavg,90,0.46309998631477356,1.5288183689117432,399112.6827928226,82.09900345932692,121377.1117308127,349
fedavg,91,0.46449998021125793,1.5244476795196533,403498.53644988657,83.0672976160422,122807.82458579849,354
fedavg,92,0.46779999136924744,1.5234750509262085,407884.39010695054,83.96611547563225,124253.53431337554,323
fedavg,93,0.460099995136261,1.5368106365203857,412270.2437640145,84.93722384050488,125691.21178206368,354
fedavg,94,0.46879997849464417,1.5186301469802856,416656.0974210785,85.92945428006351,126387.34874638192,363
fedavg,95,0.4625999927520752,1.5183030366897583,421041.95107814245,86.90380780305713,126943.91027942688,353
fedavg,96,0.46709999442100525,1.514377236366272,425427.8047352064,87.82709778659046,127500.85329589792,334
fedavg,97,0.4684999883174896,1.5223559141159058,429813.6583922704,88.81038783024997,128404.20634960309,358
fedavg,98,0.4616999924182892,1.5334776639938354,434199.51204933436,89.78345110546798,131684.86047679794,355
fedavg,99,0.46369999647140503,1.529054045677185,438585.3657063983,90.71680243965238,132813.85978281157,339
tifl,0,0.11589999496936798,2.300152540206909,400.0,0.2216270798817277,118.6586191122462,37
tifl,1,0.15279999375343323,2.2711658477783203,800.0,0.497954735532403,311.36857982526806,87
tifl,2,0.11909999698400497,2.2844417095184326,1200.0,0.5852368734776974,407.29067708564565,15
tifl,3,0.1266999989748001,2.2584807872772217,1600.0,0.6836366569623351,506.7172743982581,19
tifl,4,0.1947999894618988,2.2294013500213623,2000.0,1.0110578127205372,664.7330069537385,102
tifl,5,0.21869999170303345,2.2115840911865234,2400.0,1.2722988557070494,1063.6200491299182,81
tifl,6,0.23249998688697815,2.190406084060669,2800.0,1.572397444397211,1222.582519251176,97
tifl,7,0.2402999997138977,2.1713645458221436,3200.0,1.8710382245481014,1611.2550958941767,96
tifl,8,0.2671999931335449,2.1484904289245605,3600.0,2.133899224922061,1841.9423784956412,81
tifl,9,0.272599995136261,2.126455545425415,4000.0,2.362300776876509,2074.808311456715,69
tifl,10,0.2606000006198883,2.1061816215515137,4400.0,2.5336348162963986,2254.1045308047997,47
tifl,11,0.28200000524520874,2.0798521041870117,4800.0,2.8155415058135986,2414.8876285028928,90
tifl,12,0.1809999942779541,2.157994031906128,5200.0,2.941272388212383,2528.022135848957,30
tifl,13,0.30329999327659607,2.0634872913360596,5600.0,3.2651659790426493,2688.846818449972,105
tifl,14,0.2602999806404114,2.0610249042510986,6000.0,3.5086447624489665,2927.370967346021,75
tifl,15,0.26589998602867126,2.041954278945923,6400.0,3.657425138168037,3042.1912295702036,39
tifl,16,0.3012000024318695,2.010033369064331,6800.0,3.9923302363604307,3202.569266985345,107
tifl,17,0.3166999816894531,1.9836359024047852,7200.0,4.277872840873897,3363.583741776302,90
tifl,18,0.30559998750686646,1.984715223312378,7600.0,4.576659941114485,3524.7685797055365,96
tifl,19,0.287200003862381,1.9937615394592285,8000.0,4.705595629289746,3641.265949943802,31
tifl,20,0.32690000534057617,1.9526629447937012,8400.0,4.868390688672662,3825.886531665183,44
tifl,21,0.3249000012874603,1.9271925687789917,8800.0,5.002240281552076,3943.133069927724,33
tifl,22,0.32170000672340393,1.9218676090240479,9200.0,5.306404855102301,4104.130066387022,98
tifl,23,0.2768999934196472,1.9659987688064575,9600.0,5.480713851749897,4222.1135424725935,46
tifl,24,0.32359999418258667,1.907662272453308,10000.0,5.758339438587427,4616.211420561736,88
tifl,25,0.25839999318122864,2.0008747577667236,10400.0,5.912889917381108,4734.550292388835,41
tifl,26,0.24879999458789825,1.960080862045288,10800.0,6.0664315382018685,4853.184161707851,41
tifl,27,0.33559998869895935,1.8830780982971191,11200.0,6.339428758248687,5014.714217074801,86
tifl,28,0.31599998474121094,1.889896035194397,11600.0,6.606962486170232,5261.024762372619,81
tifl,29,0.29189997911453247,1.940596103668213,12000.0,6.78402282949537,5449.041056261615,49
tifl,30,0.3000999987125397,1.9204539060592651,12400.0,6.960317282937467,5637.70585715886,49
tifl,31,0.35040000081062317,1.8545340299606323,12800.0,7.20034521445632,5884.761006183344,73
tifl,32,0.3427000045776367,1.8560463190078735,13200.0,7.351843756623566,6004.193038523709,40
tifl,33,0.33469998836517334,1.8530179262161255,13600.0,7.522490858100355,6193.216858889653,47
tifl,34,0.34129998087882996,1.8412195444107056,14000.0,7.705576243810356,6312.95702236124,54
tifl,35,0.33799999952316284,1.847882866859436,14400.0,7.9228668212890625,6474.87587933688,72
tifl,36,0.3285999894142151,1.868538498878479,14800.0,8.069796119816601,6594.3619030979935,42
tifl,37,0.36949998140335083,1.8082025051116943,15200.0,8.32068221643567,6755.862141110033,84
tifl,38,0.34630000591278076,1.828236699104309,15600.0,8.483684356324375,6945.5061424931555,48
tifl,39,0.3700000047683716,1.797715663909912,16000.0,8.6469148946926,7066.070794315341,49
tifl,40,0.3464999794960022,1.8101173639297485,16400.0,8.792300005443394,7187.034474881966,41
tifl,41,0.38009998202323914,1.786422610282898,16800.0,9.029292188584805,7349.256230848318,79
tifl,42,0.3865000009536743,1.777437448501587,17200.0,9.240265103057027,7539.718833875753,63
tifl,43,0.37790000438690186,1.7882109880447388,17600.0,9.448338679037988,7935.236902098996,62
tifl,44,0.35189998149871826,1.804391622543335,18000.0,9.628502760082483,8056.220742100871,51
tifl,45,0.32359999418258667,1.8433066606521606,18400.0,9.787896802648902,8177.592809096732,43
tifl,46,0.3604999780654907,1.7732487916946411,18800.0,9.991054818034172,8368.335788040256,57
tifl,47,0.3791999816894531,1.7692890167236328,19200.0,10.124735062010586,8487.37274572963,33
tifl,48,0.3739999830722809,1.7591382265090942,19600.0,10.301604266278446,8677.894219699006,50
tifl,49,0.37459999322891235,1.7685787677764893,20000.0,10.57729103602469,8840.32374581678,87
tifl,50,0.3700999915599823,1.7524974346160889,20400.0,10.741098634898663,8962.164768045184,45
tifl,51,0.3739999830722809,1.768739104270935,20800.0,10.939886383712292,9153.602931639414,58
tifl,52,0.3878999948501587,1.7403371334075928,21200.0,11.216783070936799,9548.568315565744,88
tifl,53,0.39409998059272766,1.7456088066101074,21600.0,11.40743634942919,9670.769936783878,55
tifl,54,0.4025000035762787,1.7207003831863403,22000.0,11.596018821001053,9791.745803444259,51
tifl,55,0.3990999758243561,1.7294554710388184,22400.0,11.846907378174365,10042.519614850167,78
tifl,56,0.4048999845981598,1.7214434146881104,22800.0,12.106911366805434,10204.752171043327,80
tifl,57,0.4026999771595001,1.6936826705932617,23200.0,12.358211163431406,10603.665531301982,78
tifl,58,0.3986999988555908,1.6948820352554321,23600.0,12.596001016907394,10853.734772042211,73
tifl,59,0.3865000009536743,1.7226754426956177,24000.0,12.830256585031748,11103.96070350116,72
tifl,60,0.3726999759674072,1.7374298572540283,24400.0,13.064781281165779,11500.105182193169,72
tifl,61,0.4253000020980835,1.6678773164749146,24800.0,13.306421420536935,11661.41931559232,83
tifl,62,0.4088999927043915,1.688490390777588,25200.0,13.499710795469582,11784.146427572226,57
tifl,63,0.39499998092651367,1.7038882970809937,25600.0,13.673646704293787,11906.715508491387,49
tifl,64,0.41200000047683716,1.6617581844329834,26000.0,13.872509342618287,12098.427080014837,58
tifl,65,0.4300999939441681,1.6409183740615845,26400.0,14.076855005696416,12494.104958034713,60
tifl,66,0.3920999765396118,1.682518720626831,26800.0,14.255347847007215,12617.178161349319,50
tifl,67,0.39329999685287476,1.7008521556854248,27200.0,14.447887662798166,12809.350576392828,56
tifl,68,0.40139999985694885,1.6679247617721558,27600.0,14.634496506303549,13001.542659390241,57
tifl,69,0.407399982213974,1.6771761178970337,28000.0,14.765738245099783,13124.597608125283,36
tifl,70,0.41819998621940613,1.6409099102020264,28400.0,14.962663615122437,13524.490356288554,64
tifl,71,0.40129998326301575,1.6763050556182861,28800.0,15.132009438239038,13647.33097926344,51
tifl,72,0.4050999879837036,1.6625486612319946,29200.0,15.306486744433641,13770.67840328642,54
tifl,73,0.3990999758243561,1.646044373512268,29600.0,15.481563491746783,13894.263580995646,54
tifl,74,0.4311999976634979,1.6079460382461548,30000.0,15.712004334665835,14293.315923003034,76
tifl,75,0.4153999984264374,1.631162405014038,30400.0,15.947502722032368,14678.303579818512,80
tifl,76,0.4359000027179718,1.6030443906784058,30800.0,16.17215119022876,14840.119556568892,75
tifl,77,0.423799991607666,1.6218832731246948,31200.0,16.3370278486982,14963.850406138965,49
tifl,78,0.4179999828338623,1.6248679161071777,31600.0,16.58965907525271,15356.6559555433,86
tifl,79,0.41609999537467957,1.6243458986282349,32000.0,16.843368110246956,15607.764359285993,81
tifl,80,0.4253999888896942,1.616839051246643,32400.0,17.018596607260406,15800.588824089831,55
tifl,81,0.4397999942302704,1.5872902870178223,32800.0,17.16644079517573,15993.611607234949,43
tifl,82,0.4350999891757965,1.5872260332107544,33200.0,17.386552289128304,16155.911598996152,74
tifl,83,0.4278999865055084,1.6085513830184937,33600.0,17.584909358993173,16408.462968617154,64
tifl,84,0.39659997820854187,1.6515127420425415,34000.0,17.762034843675792,16532.45603251181,50
tifl,85,0.39579999446868896,1.6524288654327393,34400.0,17.910633840598166,16656.45403758881,39
tifl,86,0.43689998984336853,1.5856595039367676,34800.0,18.082726510241628,16850.196938209177,48
tifl,87,0.4227999746799469,1.6134451627731323,35200.0,18.28693544305861,17012.421238379684,60
tifl,88,0.44039997458457947,1.572220802307129,35600.0,18.49000085890293,17409.070118243806,60
tifl,89,0.4414999783039093,1.5755796432495117,36000.0,18.75554611068219,17571.771538891127,83
tifl,90,0.42879998683929443,1.58808171749115,36400.0,18.952806282788515,17765.62144638832,58
tifl,91,0.448199987411499,1.571286678314209,36800.0,19.153195350430906,17959.52425116857,57
tifl,92,0.4587000012397766,1.5518702268600464,37200.0,19.35305131971836,18083.883939550924,58
tifl,93,0.43949997425079346,1.5761888027191162,37600.0,19.5442476272583,18277.324951450206,55
tifl,94,0.4332999885082245,1.581741452217102,38000.0,19.77201278321445,18471.274739908484,69
tifl,95,0.4596000015735626,1.5368460416793823,38400.0,20.01785716880113,18633.776189028562,76
tifl,96,0.4327999949455261,1.5853943824768066,38800.0,20.190565388649702,18827.114012093254,48
tifl,97,0.42559999227523804,1.592241644859314,39200.0,20.408220997080207,19019.855342202427,65
tifl,98,0.4186999797821045,1.5944056510925293,39600.0,20.57133795786649,19144.44026384972,44
tifl,99,0.4536999762058258,1.5492185354232788,40000.0,20.793275580741465,19337.06760700086,67
fedsc,0,0.13099999725818634,2.2812957763671875,896.7971199025646,0.9606206389144063,805.0885144112037,345
fedsc,1,0.1712999939918518,2.265422821044922,1793.5942398051293,1.9742224672809243,1555.4973732580966,359
fedsc,2,0.19579999148845673,2.2503466606140137,2690.391359707694,2.8783986335620284,2425.721469951745,329
fedsc,3,0.22630000114440918,2.23347544670105,3587.1884796102586,3.795917714945972,3088.1362717208194,333
fedsc,4,0.2272000014781952,2.214465379714966,4483.985599512824,4.7104405695572495,3683.516883921081,333
fedsc,5,0.2621999979019165,2.1915552616119385,5132.184369256911,5.665589046664536,4219.512208701483,344
fedsc,6,0.2557999789714813,2.1730353832244873,5780.383139000998,6.6297161765396595,4793.375456390636,351
fedsc,7,0.2800000011920929,2.149324893951416,6428.5819087450855,7.597577500157058,5436.073748890625,352
fedsc,8,0.27469998598098755,2.1251113414764404,7076.780678489173,8.549899464473128,6000.115405837078,345
fedsc,9,0.27379998564720154,2.10093355178833,7724.97944823326,9.492258080281317,6538.302146498572,335
fedsc,10,0.2938999831676483,2.0801992416381836,10281.762942109013,10.517354371957481,7817.346018763872,369
fedsc,11,0.2895999848842621,2.058516502380371,12838.546435984767,11.467231299728155,8377.079176104759,347
fedsc,12,0.3028999865055084,2.0444839000701904,15395.32992986052,12.363251810893416,9058.045295761458,325
fedsc,13,0.3122999966144562,2.0216071605682373,17952.113423736275,13.348490020260215,9672.973866323522,357
fedsc,14,0.31129997968673706,2.002290725708008,20508.89691761203,14.318518967367709,11296.39869451472,351
fedsc,15,0.3156999945640564,1.984173059463501,20879.103697686387,15.271772846579552,11665.837050690176,345
fedsc,16,0.32429999113082886,1.9697718620300293,21249.310477760744,16.229485909454525,12035.2011876409,348
fedsc,17,0.32170000672340393,1.9570765495300293,21619.5172578351,17.137328349985182,12403.704244784834,326
fedsc,18,0.3317999839782715,1.9457136392593384,21989.72403790946,18.036343880929053,12767.32321610002,326
fedsc,19,0.322299987077713,1.9385308027267456,22359.930817983815,18.933920484036207,13136.81372462081,326
fedsc,20,0.335099995136261,1.9180810451507568,23810.223439696198,19.845076584257185,14091.718511007732,330
fedsc,21,0.3328999876976013,1.9102262258529663,25260.51606140858,20.84253181517124,15122.983113806007,365
fedsc,22,0.33649998903274536,1.8989050388336182,26710.808683120962,21.84020705614239,15723.949071722145,361
fedsc,23,0.35439997911453247,1.8948771953582764,28161.101304833344,22.70794831775129,16366.148432285518,313
fedsc,24,0.34529998898506165,1.8770185708999634,29611.393926545727,23.628929309546947,17322.43689917592,335
fedsc,25,0.335099995136261,1.8803558349609375,30918.20280618351,24.549691860564053,18352.928780545928,337
fedsc,26,0.3552999794483185,1.866327166557312,32225.011685821297,25.56495930533856,18833.85030021441,366
fedsc,27,0.35109999775886536,1.8544795513153076,33531.82056545908,26.55365873966366,19814.63382596418,360
fedsc,28,0.344899982213974,1.862655520439148,34838.62944509686,27.55487510189414,20698.146428558244,365
fedsc,29,0.36239999532699585,1.8454372882843018,36145.43832473465,28.558893111534417,21357.82157367309,366
fedsc,30,0.3718000054359436,1.834486484527588,37166.344576507276,29.45424553565681,22194.346221702457,324
fedsc,31,0.3676999807357788,1.8236185312271118,38187.2508282799,30.342190598137677,23046.169851353257,326
fedsc,32,0.37119999527931213,1.8238877058029175,39208.15708005253,31.26839559804648,23876.809273440827,343
fedsc,33,0.37139999866485596,1.812760591506958,40229.06333182516,32.219956520944834,24409.249642802322,351
fedsc,34,0.37209999561309814,1.8051804304122925,41249.969583597784,33.193005478940904,25312.571520895148,357
fedsc,35,0.3642999827861786,1.8014392852783203,42147.30072969176,34.118420171551406,26115.134916617677,340
fedsc,36,0.3755999803543091,1.7942405939102173,43044.63187578573,35.02416229713708,26786.187806228412,334
fedsc,37,0.3797000050544739,1.7851687669754028,43941.9630218797,35.97800545860082,27456.076033160105,350
fedsc,38,0.38119998574256897,1.786405086517334,44839.294167973676,36.865152556449175,28290.171876470093,323
fedsc,39,0.38749998807907104,1.7738306522369385,45736.62531406765,37.851234283298254,28840.242450758826,361
fedsc,40,0.3716999888420105,1.7790536880493164,46358.937098304115,38.73339415807277,29377.396276019732,324
fedsc,41,0.3870999813079834,1.7641576528549194,46981.24888254058,39.655445837415755,29893.12681900719,340
fedsc,42,0.3978999853134155,1.7504326105117798,47603.56066677705,40.600886192172766,30420.17875569844,345
fedsc,43,0.3904999792575836,1.7513527870178223,48225.872451013514,41.52739320881665,30984.500534118608,342
fedsc,44,0.3999999761581421,1.739725947380066,48848.18423524998,42.4984248271212,31533.62105491094,359
fedsc,45,0.38679999113082886,1.7388356924057007,49815.32708904355,43.44605692103505,32101.794240984396,351
fedsc,46,0.3958999812602997,1.7364633083343506,50782.469942837124,44.44343498907983,32862.13972793945,362
fedsc,47,0.41019999980926514,1.7218074798583984,51749.612796630696,45.391102043911815,33645.42248569596,349
fedsc,48,0.4008999764919281,1.7272154092788696,52716.75565042427,46.381004522554576,34454.41027907008,364
fedsc,49,0.40299999713897705,1.723877191543579,53683.89850421784,47.35937023535371,35166.963293647954,362
fedsc,50,0.41040000319480896,1.704119086265564,54767.876145230795,48.27213788218796,35758.6786144142,332
fedsc,51,0.4075999855995178,1.7020343542099,55851.85378624375,49.25890837516636,36630.96224172564,363
fedsc,52,0.4088999927043915,1.6973258256912231,56935.83142725671,50.21357730682939,37564.20846135718,350
fedsc,53,0.4203999936580658,1.689462661743164,58019.809068269664,51.173233232460916,38169.000697368756,353
fedsc,54,0.4163999855518341,1.6824791431427002,59103.78670928262,52.172200004570186,38815.373119761854,367
fedsc,55,0.41679999232292175,1.6781904697418213,59856.50099413315,53.08504543360323,39518.92335758605,336
fedsc,56,0.41429999470710754,1.6799349784851074,60609.215278983684,54.05717034637928,40114.65398264363,357
fedsc,57,0.4107999801635742,1.669675588607788,61361.929563834216,54.931092261336744,40837.87654642639,319
fedsc,58,0.4122999906539917,1.6712044477462769,62114.64384868475,55.91264095623046,41384.23645587905,359
fedsc,59,0.42549997568130493,1.6547003984451294,62867.35813353528,56.8912770440802,41885.57810571729,361
fedsc,60,0.42489999532699585,1.6516271829605103,71833.87618361121,57.84269213397056,43422.49225132012,350
fedsc,61,0.4310999810695648,1.6400566101074219,80800.39423368714,58.7264085188508,44428.62194540697,323
fedsc,62,0.4339999854564667,1.6417725086212158,89766.91228376307,59.70250624138862,45573.83686820459,359
fedsc,63,0.4268999993801117,1.652366042137146,98733.430333839,60.626738514751196,46052.56091423902,338
fedsc,64,0.44110000133514404,1.6308590173721313,107699.94838391493,61.61024051066488,46930.881028211144,364
fedsc,65,0.43879997730255127,1.6244487762451172,108487.31908994928,62.504063236527145,47637.62695001027,329
fedsc,66,0.42739999294281006,1.6224323511123657,109274.68979598362,63.37522340007126,48197.044483987025,318
fedsc,67,0.4327999949455261,1.6278754472732544,110062.06050201796,64.33940970990807,48953.24879153545,357
fedsc,68,0.446399986743927,1.606189489364624,110849.43120805231,65.37488391064107,49576.959071106336,385
fedsc,69,0.4301999807357788,1.6098060607910156,111636.80191408665,66.26310864649713,50230.31112741532,328
fedsc,70,0.4449999928474426,1.5982322692871094,112028.01730848226,67.1868108920753,50618.61282391584,335
fedsc,71,0.4380999803543091,1.6044621467590332,112419.23270287787,68.0686263255775,51005.990562586405,325
fedsc,72,0.4372999966144562,1.5934720039367676,112810.44809727347,69.00718147773296,51394.68086617549,365
fedsc,73,0.44929999113082886,1.5837905406951904,113201.66349166908,69.84670739993453,51784.30918753952,338
fedsc,74,0.43879997730255127,1.5872312784194946,113592.87888606469,70.6687886910513,52173.65577863626,332
fedsc,75,0.44609999656677246,1.5854122638702393,115350.93108337834,71.55898676812649,53270.32549359595,350
fedsc,76,0.4511999785900116,1.5739831924438477,117108.98328069199,72.46545611787587,54738.31434131895,361
fedsc,77,0.4499000012874603,1.5684103965759277,118867.03547800564,73.38267375621945,56014.29766543734,369
fedsc,78,0.44579997658729553,1.5696039199829102,120625.08767531929,74.30404879990965,56761.86083294437,369
fedsc,79,0.45559999346733093,1.5754326581954956,122383.13987263294,75.2878584349528,57432.625661912396,356
fedsc,80,0.460099995136261,1.5629818439483643,123787.61020087844,76.29235962871462,58079.36040850826,367
fedsc,81,0.44519999623298645,1.5666711330413818,125192.08052912394,77.1874030539766,59410.759962750846,326
fedsc,82,0.45260000228881836,1.5562942028045654,126596.55085736944,78.10428911540657,60043.05690309203,336
fedsc,83,0.4544999897480011,1.5556939840316772,128001.02118561494,78.96496073808521,60846.50997451285,312
fedsc,84,0.4546999931335449,1.5472816228866577,129405.49151386044,79.93606368079782,62035.21463577309,358
fedsc,85,0.45639997720718384,1.5493422746658325,130096.67578713852,80.98118125181645,62540.091705385945,387
fedsc,86,0.4499000012874603,1.5486024618148804,130787.8600604166,81.95694481953979,63132.63641627842,360
fedsc,87,0.46389999985694885,1.540644645690918,131479.04433369468,82.89769368711859,63785.586806050596,343
fedsc,88,0.46609997749328613,1.5363082885742188,132170.22860697276,83.85393034946173,64366.38251284797,349
fedsc,89,0.4659999907016754,1.5315459966659546,132861.41288025083,84.74608297180384,64976.00418811553,327
fedsc,90,0.46449998021125793,1.528519868850708,133763.95011134996,85.69421931356192,65782.0582455174,350
fedsc,91,0.4641999900341034,1.5260413885116577,134666.48734244908,86.67072123568505,66463.20422050543,356
fedsc,92,0.4682999849319458,1.5237919092178345,135569.0245735482,87.5489048436284,67071.73735346047,320
fedsc,93,0.460099995136261,1.5358186960220337,136471.56180464732,88.50949750375003,67674.3316080469,354
fedsc,94,0.46699997782707214,1.5278527736663818,137374.09903574645,89.48065072204918,68370.46857236513,359
fedsc,95,0.4601999819278717,1.5217634439468384,137755.07874194274,90.39564706292003,68750.5727412558,332
fedsc,96,0.46769997477531433,1.520872712135315,138136.05844813903,91.27365379408002,69129.16891539609,321
fedsc,97,0.46539998054504395,1.5266671180725098,138517.0381543353,92.19917699322104,69507.8694175144,340
fedsc,98,0.46239998936653137,1.5326988697052002,138898.0178605316,93.11668294388801,69885.61771187543,338
fedsc,99,0.4650999903678894,1.5275171995162964,139278.9975667279,94.01760008186102,70262.47966499907,327
ours,0,0.14219999313354492,2.281172275543213,400.0,0.8421082524582744,399.9865418873601,308
ours,1,0.17430000007152557,2.265164613723755,800.0,1.7462505986914039,797.6119685652678,328
ours,2,0.20340000092983246,2.2498936653137207,1200.0,2.5557705173268914,1189.893439398251,297
ours,3,0.2215999960899353,2.2329506874084473,1600.0,3.337659147568047,1586.2313193539892,282
ours,4,0.23479999601840973,2.2118093967437744,2000.0,4.1355964709073305,1973.11225620317,292
ours,5,0.262800008058548,2.190803050994873,2400.0,4.871005571447313,2371.99929837935,269
ours,6,0.2572999894618988,2.174471378326416,2800.0,5.70316122751683,2767.408183229659,305
ours,7,0.2709999978542328,2.1471989154815674,3200.0,6.458081848919392,3156.0807598726597,276
ours,8,0.275299996137619,2.124324083328247,3600.0,7.186285709030926,3535.7827342080136,264
ours,9,0.23510000109672546,2.1124825477600098,4000.0,7.480851668864489,3696.713732256542,96
ours,10,0.28700000047683716,2.08070969581604,4400.0,8.049125512130558,4096.447145613477,203
ours,11,0.29440000653266907,2.0575737953186035,4800.0,8.566067891195416,4486.99550608864,183
ours,12,0.29350000619888306,2.0466151237487793,5200.0,9.06770318839699,4723.277203197812,177
ours,13,0.3107999861240387,2.022613763809204,5600.0,9.821502023376524,5119.008598830927,276
ours,14,0.2938999831676483,2.0084660053253174,6000.0,10.351196758449078,5504.992816745933,188
ours,15,0.30719998478889465,1.9905452728271484,6400.0,10.88734005857259,5902.485630912076,189
ours,16,0.3238999843597412,1.9742162227630615,6800.0,11.675804453901947,6296.377752967759,289
ours,17,0.3197999894618988,1.962064504623413,7200.0,12.380146382376552,6691.561155985622,255
ours,18,0.33059999346733093,1.9532651901245117,7600.0,13.132644369266927,7086.44131810449,274
ours,19,0.3084999918937683,1.9470878839492798,8000.0,13.648981020785868,7485.342996608469,182
ours,20,0.33739998936653137,1.9245516061782837,8400.0,14.124765726737678,7879.030835064031,168
ours,21,0.33980000019073486,1.9097530841827393,8800.0,14.880218751728535,8266.50301980482,268
ours,22,0.3342999815940857,1.8989747762680054,9200.0,15.585612321272492,8655.98571840028,254
ours,23,0.3342999815940857,1.8989747762680054,9600.0,15.63223572075367,8773.969194485851,0
ours,24,0.3434999883174896,1.883442997932434,10000.0,16.347494619898498,9168.067072574995,258
ours,25,0.34389999508857727,1.8899171352386475,10400.0,16.64530161768198,9328.537089880678,97
ours,26,0.3537999987602234,1.873339056968689,10800.0,17.357092510908842,9727.709919233093,258
ours,27,0.3382999897003174,1.8680340051651,11200.0,17.8890627278015,10121.240929543721,182
ours,28,0.34919998049736023,1.8644187450408936,11600.0,18.614908625371754,10515.621928037242,264
ours,29,0.3546999990940094,1.8611571788787842,12000.0,19.31469453126192,10904.807406351976,252
ours,30,0.3546999990940094,1.8611571788787842,12400.0,19.360471602529287,11024.317316865538,0
ours,31,0.33169999718666077,1.8833187818527222,12800.0,19.60321668162942,11413.831156064249,77
ours,32,0.35349997878074646,1.862659215927124,13200.0,20.04454740602523,11810.21314439678,163
ours,33,0.34700000286102295,1.8461004495620728,13600.0,20.323513296432793,11972.173839545767,90
ours,34,0.3628000020980835,1.8243508338928223,14000.0,21.004115173593163,12368.683388038216,245
ours,35,0.35009998083114624,1.8251745700836182,14400.0,21.285251760855317,12765.335088546028,91
ours,36,0.3594000041484833,1.8193901777267456,14800.0,21.842836901545525,13160.515956366651,165
ours,37,0.37059998512268066,1.8035334348678589,15200.0,22.3385102590546,13550.27355469159,173
ours,38,0.3659999966621399,1.8018951416015625,15600.0,22.78220146149397,13797.957789821732,163
ours,39,0.3691999912261963,1.7970519065856934,16000.0,23.26644147001207,14181.348907002475,170
ours,40,0.3691999912261963,1.7970519065856934,16400.0,23.311746292747557,14302.3125875691,0
ours,41,0.3666999936103821,1.7973263263702393,16800.0,23.56787882745266,14464.534343535452,79
ours,42,0.37289997935295105,1.7979421615600586,17200.0,23.856061917729676,14626.838989079835,90
ours,43,0.38040000200271606,1.7744072675704956,17600.0,24.101380704902112,14875.883532858345,83
ours,44,0.33809998631477356,1.810836672782898,18000.0,24.549810123629868,15273.920790234946,172
ours,45,0.37700000405311584,1.7621222734451294,18400.0,25.002949836663902,15662.981784779102,173
ours,46,0.38929998874664307,1.757065773010254,18800.0,25.428750908002257,16055.836141653426,161
ours,47,0.38909998536109924,1.749711275100708,19200.0,25.92959513142705,16304.577732861026,191
ours,48,0.3847000002861023,1.7513078451156616,19600.0,26.37566368188709,16702.27020529294,169
ours,49,0.39649999141693115,1.7414900064468384,20000.0,27.0076301144436,17101.201651224103,247
ours,50,0.39649999141693115,1.7414900064468384,20400.0,27.053074326366186,17223.042673452506,0
ours,51,0.39809998869895935,1.7278043031692505,20800.0,27.541740962304175,17622.271120081718,191
ours,52,0.39399999380111694,1.7232956886291504,21200.0,27.992073048837483,18017.236504008048,173
ours,53,0.4023999869823456,1.7151484489440918,21600.0,28.481713605113328,18416.434076751768,177
ours,54,0.39980000257492065,1.7088075876235962,22000.0,28.995566784404218,18666.848144855347,181
ours,55,0.3926999866962433,1.739794135093689,22400.0,29.244074598886073,18917.621956261253,78
ours,56,0.4068000018596649,1.7131221294403076,22800.0,29.73433432355523,19168.527493179685,167
ours,57,0.39499998092651367,1.7033661603927612,23200.0,29.980351240374148,19567.44085343834,78
ours,58,0.4068000018596649,1.6898539066314697,23600.0,30.2577661331743,19728.95014238459,88
ours,59,0.4098999798297882,1.6907576322555542,24000.0,30.74411761201918,20126.624295590645,170
ours,60,0.41609999537467957,1.6806902885437012,24400.0,31.24478593748063,20377.58833777959,176
ours,61,0.4147999882698059,1.6791199445724487,24800.0,31.505495788529515,20538.902471178742,83
ours,62,0.41449999809265137,1.6751091480255127,25200.0,31.750168417580426,20790.066045681357,77
ours,63,0.4139999747276306,1.675596833229065,25600.0,32.211179974488914,21188.024286485557,161
ours,64,0.4154999852180481,1.6698681116104126,26000.0,32.71346479654312,21579.815240718483,177
ours,65,0.4213999807834625,1.6524804830551147,26400.0,32.9722242411226,21742.02232432063,82
ours,66,0.4213999807834625,1.6524804830551147,26800.0,33.01889658160508,21865.095527635236,0
ours,67,0.4318999946117401,1.6364139318466187,27200.0,33.69596519879997,22264.608013003417,246
ours,68,0.4227999746799469,1.6372710466384888,27600.0,34.22926108818501,22515.218632047836,188
ours,69,0.4153999984264374,1.651491641998291,28000.0,34.492417617700994,22912.59190220766,84
ours,70,0.40959998965263367,1.6594185829162598,28400.0,34.78353050723672,23074.654409785962,94
ours,71,0.42659997940063477,1.643782377243042,28800.0,35.04122993256897,23236.743052864567,82
ours,72,0.423799991607666,1.6304590702056885,29200.0,35.55313604604453,23488.44738364031,181
ours,73,0.4400999844074249,1.6084482669830322,29600.0,36.21326602157205,23887.606595171106,239
ours,74,0.43719998002052307,1.6139309406280518,30000.0,36.46395804360509,24049.989088285987,79
ours,75,0.4092999994754791,1.6526169776916504,30400.0,36.71700723376125,24434.976745101463,80
ours,76,0.4372999966144562,1.6143536567687988,30800.0,36.9706906825304,24685.544313298757,80
ours,77,0.44749999046325684,1.597685694694519,31200.0,37.47223315760493,24936.3189204877,177
ours,78,0.4343999922275543,1.6076642274856567,31600.0,38.02493370976299,25329.124469892038,167
ours,79,0.4399999976158142,1.6031484603881836,32000.0,38.50829032436013,25580.23287363473,170
ours,80,0.4268999993801117,1.629267930984497,32400.0,38.78455648012459,25742.206476400013,89
ours,81,0.4430999755859375,1.5871012210845947,32800.0,39.063524313271046,25993.836025075354,90
ours,82,0.4430999755859375,1.5871012210845947,33200.0,39.109706142917275,26117.608706490908,0
ours,83,0.4430999755859375,1.5871012210845947,33600.0,39.15838382113725,26241.40901161364,0
ours,84,0.4521999955177307,1.5794485807418823,34000.0,39.614797125570476,26640.00806120762,160
ours,85,0.4544999897480011,1.5752404928207397,34400.0,40.305243430659175,27034.191108625655,251
ours,86,0.43689998984336853,1.6028169393539429,34800.0,40.79003242496401,27428.812138893885,170
ours,87,0.44419997930526733,1.5719735622406006,35200.0,41.04144271835685,27828.478042615887,79
ours,88,0.44419997930526733,1.5719735622406006,35600.0,41.08778370823711,27952.597997748715,0
ours,89,0.42080000042915344,1.6075565814971924,36000.0,41.34967975039035,28115.299418396036,83
ours,90,0.45249998569488525,1.578987717628479,36400.0,41.602306332439184,28277.411681612626,77
ours,91,0.45080000162124634,1.5608166456222534,36800.0,42.05665137991309,28676.363434471892,157
ours,92,0.45080000162124634,1.5608166456222534,37200.0,42.10328231099993,28800.723122854248,0
ours,93,0.4537999927997589,1.5606755018234253,37600.0,42.362926685251296,28963.40227325214,82
ours,94,0.46069997549057007,1.5567160844802856,38000.0,42.83583635278046,29359.97221672773,165
ours,95,0.4545999765396118,1.5589683055877686,38400.0,43.08398128859699,29610.871087597603,78
ours,96,0.4372999966144562,1.5916341543197632,38800.0,43.33711957000196,29864.1708551479,79
ours,97,0.4235000014305115,1.6117777824401855,39200.0,43.58470091689378,30026.694614239987,77
ours,98,0.4494999945163727,1.5878822803497314,39600.0,43.860037703067064,30423.56076661448,88
ours,99,0.4494999945163727,1.5878822803497314,40000.0,43.90563840512186,30548.346750259312,0
